page_id,label,variant,entry_path,final_path,signals,dataset_version
phish-00,PHISHING,plain,/p/phish-00.html,/p/phish-00.html,CREDENTIAL_FORM|EXTERNAL_FORM_ACTION,d1s-1.0
phish-01,PHISHING,delayed,/p/phish-01.html,/p/phish-01.html,CREDENTIAL_FORM|EXTERNAL_FORM_ACTION|DELAYED_RENDER,d1s-1.0
phish-02,PHISHING,redirect,/go/phish-02/1,/p/phish-02.html,CREDENTIAL_FORM|EXTERNAL_FORM_ACTION|HTTP_REDIRECT_2,d1s-1.0
phish-03,PHISHING,jsredirect,/j/phish-03.html,/p/phish-03.html,CREDENTIAL_FORM|CLIENT_REDIRECT,d1s-1.0
phish-04,PHISHING,plain,/p/phish-04.html,/p/phish-04.html,CREDENTIAL_FORM|EXTERNAL_FORM_ACTION,d1s-1.0
phish-05,PHISHING,delayed,/p/phish-05.html,/p/phish-05.html,CREDENTIAL_FORM|DELAYED_RENDER,d1s-1.0
phish-06,PHISHING,redirect,/go/phish-06/1,/p/phish-06.html,CREDENTIAL_FORM|EXTERNAL_FORM_ACTION|HTTP_REDIRECT_2,d1s-1.0
phish-07,PHISHING,jsredirect,/j/phish-07.html,/p/phish-07.html,CREDENTIAL_FORM|EXTERNAL_FORM_ACTION|CLIENT_REDIRECT,d1s-1.0
phish-08,PHISHING,plain,/p/phish-08.html,/p/phish-08.html,CREDENTIAL_FORM,d1s-1.0
phish-09,PHISHING,delayed,/p/phish-09.html,/p/phish-09.html,CREDENTIAL_FORM|EXTERNAL_FORM_ACTION|DELAYED_RENDER,d1s-1.0
phish-10,PHISHING,redirect,/go/phish-10/1,/p/phish-10.html,CREDENTIAL_FORM|EXTERNAL_FORM_ACTION|HTTP_REDIRECT_2,d1s-1.0
phish-11,PHISHING,jsredirect,/j/phish-11.html,/p/phish-11.html,CREDENTIAL_FORM|CLIENT_REDIRECT,d1s-1.0
phish-12,PHISHING,plain,/p/phish-12.html,/p/phish-12.html,CREDENTIAL_FORM|EXTERNAL_FORM_ACTION,d1s-1.0
phish-13,PHISHING,delayed,/p/phish-13.html,/p/phish-13.html,CREDENTIAL_FORM|EXTERNAL_FORM_ACTION|DELAYED_RENDER,d1s-1.0
phish-14,PHISHING,redirect,/go/phish-14/1,/p/phish-14.html,CREDENTIAL_FORM|EXTERNAL_FORM_ACTION|HTTP_REDIRECT_2,d1s-1.0
phish-15,PHISHING,jsredirect,/j/phish-15.html,/p/phish-15.html,CREDENTIAL_FORM|CLIENT_REDIRECT,d1s-1.0
phish-16,PHISHING,plain,/p/phish-16.html,/p/phish-16.html,CREDENTIAL_FORM|EXTERNAL_FORM_ACTION,d1s-1.0
phish-17,PHISHING,delayed,/p/phish-17.html,/p/phish-17.html,CREDENTIAL_FORM|EXTERNAL_FORM_ACTION|DELAYED_RENDER,d1s-1.0
phish-18,PHISHING,redirect,/go/phish-18/1,/p/phish-18.html,CREDENTIAL_FORM|HTTP_REDIRECT_3,d1s-1.0
phish-19,PHISHING,jsredirect,/j/phish-19.html,/p/phish-19.html,CREDENTIAL_FORM|EXTERNAL_FORM_ACTION|CLIENT_REDIRECT,d1s-1.0
scam-00,SCAM,plain,/p/scam-00.html,/p/scam-00.html,MONEY_REQUEST,d1s-1.0
scam-01,SCAM,delayed,/p/scam-01.html,/p/scam-01.html,MONEY_REQUEST|DELAYED_RENDER,d1s-1.0
scam-02,SCAM,redirect,/go/scam-02/1,/p/scam-02.html,MONEY_REQUEST|HTTP_REDIRECT_3,d1s-1.0
scam-03,SCAM,jsredirect,/j/scam-03.html,/p/scam-03.html,MONEY_REQUEST|CLIENT_REDIRECT,d1s-1.0
scam-04,SCAM,plain,/p/scam-04.html,/p/scam-04.html,MONEY_REQUEST,d1s-1.0
scam-05,SCAM,delayed,/p/scam-05.html,/p/scam-05.html,MONEY_REQUEST|DELAYED_RENDER,d1s-1.0
scam-06,SCAM,redirect,/go/scam-06/1,/p/scam-06.html,MONEY_REQUEST|HTTP_REDIRECT_3,d1s-1.0
scam-07,SCAM,jsredirect,/j/scam-07.html,/p/scam-07.html,MONEY_REQUEST|CLIENT_REDIRECT,d1s-1.0
scam-08,SCAM,plain,/p/scam-08.html,/p/scam-08.html,MONEY_REQUEST,d1s-1.0
scam-09,SCAM,delayed,/p/scam-09.html,/p/scam-09.html,MONEY_REQUEST|DELAYED_RENDER,d1s-1.0
scam-10,SCAM,redirect,/go/scam-10/1,/p/scam-10.html,MONEY_REQUEST|HTTP_REDIRECT_3,d1s-1.0
scam-11,SCAM,jsredirect,/j/scam-11.html,/p/scam-11.html,MONEY_REQUEST|CLIENT_REDIRECT,d1s-1.0
scam-12,SCAM,plain,/p/scam-12.html,/p/scam-12.html,MONEY_REQUEST,d1s-1.0
scam-13,SCAM,delayed,/p/scam-13.html,/p/scam-13.html,MONEY_REQUEST|DELAYED_RENDER,d1s-1.0
scam-14,SCAM,redirect,/go/scam-14/1,/p/scam-14.html,MONEY_REQUEST|HTTP_REDIRECT_2,d1s-1.0
scam-15,SCAM,jsredirect,/j/scam-15.html,/p/scam-15.html,MONEY_REQUEST|CLIENT_REDIRECT,d1s-1.0
scam-16,SCAM,plain,/p/scam-16.html,/p/scam-16.html,MONEY_REQUEST,d1s-1.0
scam-17,SCAM,delayed,/p/scam-17.html,/p/scam-17.html,MONEY_REQUEST|DELAYED_RENDER,d1s-1.0
scam-18,SCAM,redirect,/go/scam-18/1,/p/scam-18.html,MONEY_REQUEST|HTTP_REDIRECT_2,d1s-1.0
scam-19,SCAM,jsredirect,/j/scam-19.html,/p/scam-19.html,MONEY_REQUEST|CLIENT_REDIRECT,d1s-1.0
gamble-00,ILLEGAL_GAMBLING_SUSPECTED,plain,/p/gamble-00.html,/p/gamble-00.html,GAMBLING_TERMS,d1s-1.0
gamble-01,ILLEGAL_GAMBLING_SUSPECTED,delayed,/p/gamble-01.html,/p/gamble-01.html,GAMBLING_TERMS|DELAYED_RENDER,d1s-1.0
gamble-02,ILLEGAL_GAMBLING_SUSPECTED,redirect,/go/gamble-02/1,/p/gamble-02.html,GAMBLING_TERMS|HTTP_REDIRECT_3,d1s-1.0
gamble-03,ILLEGAL_GAMBLING_SUSPECTED,jsredirect,/j/gamble-03.html,/p/gamble-03.html,GAMBLING_TERMS|CLIENT_REDIRECT,d1s-1.0
gamble-04,ILLEGAL_GAMBLING_SUSPECTED,plain,/p/gamble-04.html,/p/gamble-04.html,GAMBLING_TERMS,d1s-1.0
gamble-05,ILLEGAL_GAMBLING_SUSPECTED,delayed,/p/gamble-05.html,/p/gamble-05.html,GAMBLING_TERMS|DELAYED_RENDER,d1s-1.0
gamble-06,ILLEGAL_GAMBLING_SUSPECTED,redirect,/go/gamble-06/1,/p/gamble-06.html,GAMBLING_TERMS|HTTP_REDIRECT_2,d1s-1.0
gamble-07,ILLEGAL_GAMBLING_SUSPECTED,jsredirect,/j/gamble-07.html,/p/gamble-07.html,GAMBLING_TERMS|CLIENT_REDIRECT,d1s-1.0
gamble-08,ILLEGAL_GAMBLING_SUSPECTED,plain,/p/gamble-08.html,/p/gamble-08.html,GAMBLING_TERMS,d1s-1.0
gamble-09,ILLEGAL_GAMBLING_SUSPECTED,delayed,/p/gamble-09.html,/p/gamble-09.html,GAMBLING_TERMS|DELAYED_RENDER,d1s-1.0
gamble-10,ILLEGAL_GAMBLING_SUSPECTED,redirect,/go/gamble-10/1,/p/gamble-10.html,GAMBLING_TERMS|HTTP_REDIRECT_2,d1s-1.0
gamble-11,ILLEGAL_GAMBLING_SUSPECTED,jsredirect,/j/gamble-11.html,/p/gamble-11.html,GAMBLING_TERMS|CLIENT_REDIRECT,d1s-1.0
gamble-12,ILLEGAL_GAMBLING_SUSPECTED,plain,/p/gamble-12.html,/p/gamble-12.html,GAMBLING_TERMS,d1s-1.0
gamble-13,ILLEGAL_GAMBLING_SUSPECTED,delayed,/p/gamble-13.html,/p/gamble-13.html,GAMBLING_TERMS|DELAYED_RENDER,d1s-1.0
gamble-14,ILLEGAL_GAMBLING_SUSPECTED,redirect,/go/gamble-14/1,/p/gamble-14.html,GAMBLING_TERMS|HTTP_REDIRECT_2,d1s-1.0
gamble-15,ILLEGAL_GAMBLING_SUSPECTED,jsredirect,/j/gamble-15.html,/p/gamble-15.html,GAMBLING_TERMS|CLIENT_REDIRECT,d1s-1.0
gamble-16,ILLEGAL_GAMBLING_SUSPECTED,plain,/p/gamble-16.html,/p/gamble-16.html,GAMBLING_TERMS,d1s-1.0
gamble-17,ILLEGAL_GAMBLING_SUSPECTED,delayed,/p/gamble-17.html,/p/gamble-17.html,GAMBLING_TERMS|DELAYED_RENDER,d1s-1.0
gamble-18,ILLEGAL_GAMBLING_SUSPECTED,redirect,/go/gamble-18/1,/p/gamble-18.html,GAMBLING_TERMS|HTTP_REDIRECT_2,d1s-1.0
gamble-19,ILLEGAL_GAMBLING_SUSPECTED,jsredirect,/j/gamble-19.html,/p/gamble-19.html,GAMBLING_TERMS|CLIENT_REDIRECT,d1s-1.0
benign-00,BENIGN,plain,/p/benign-00.html,/p/benign-00.html,,d1s-1.0
benign-01,BENIGN,plain,/p/benign-01.html,/p/benign-01.html,,d1s-1.0
benign-02,BENIGN,plain,/p/benign-02.html,/p/benign-02.html,,d1s-1.0
benign-03,BENIGN,jsredirect,/j/benign-03.html,/p/benign-03.html,CLIENT_REDIRECT,d1s-1.0
benign-04,BENIGN,plain,/p/benign-04.html,/p/benign-04.html,,d1s-1.0
benign-05,BENIGN,plain,/p/benign-05.html,/p/benign-05.html,,d1s-1.0
benign-06,BENIGN,redirect,/go/benign-06/1,/p/benign-06.html,HTTP_REDIRECT_3,d1s-1.0
benign-07,BENIGN,plain,/p/benign-07.html,/p/benign-07.html,,d1s-1.0
benign-08,BENIGN,plain,/p/benign-08.html,/p/benign-08.html,,d1s-1.0
benign-09,BENIGN,delayed,/p/benign-09.html,/p/benign-09.html,DELAYED_RENDER,d1s-1.0
benign-10,BENIGN,plain,/p/benign-10.html,/p/benign-10.html,,d1s-1.0
benign-11,BENIGN,plain,/p/benign-11.html,/p/benign-11.html,,d1s-1.0
benign-12,BENIGN,plain,/p/benign-12.html,/p/benign-12.html,,d1s-1.0
benign-13,BENIGN,plain,/p/benign-13.html,/p/benign-13.html,,d1s-1.0
benign-14,BENIGN,plain,/p/benign-14.html,/p/benign-14.html,,d1s-1.0
benign-15,BENIGN,jsredirect,/j/benign-15.html,/p/benign-15.html,CLIENT_REDIRECT,d1s-1.0
benign-16,BENIGN,plain,/p/benign-16.html,/p/benign-16.html,,d1s-1.0
benign-17,BENIGN,plain,/p/benign-17.html,/p/benign-17.html,,d1s-1.0
benign-18,BENIGN,redirect,/go/benign-18/1,/p/benign-18.html,HTTP_REDIRECT_3,d1s-1.0
benign-19,BENIGN,plain,/p/benign-19.html,/p/benign-19.html,,d1s-1.0
benign-20,BENIGN,plain,/p/benign-20.html,/p/benign-20.html,,d1s-1.0
benign-21,BENIGN,delayed,/p/benign-21.html,/p/benign-21.html,DELAYED_RENDER,d1s-1.0
benign-22,BENIGN,plain,/p/benign-22.html,/p/benign-22.html,,d1s-1.0
benign-23,BENIGN,plain,/p/benign-23.html,/p/benign-23.html,,d1s-1.0
benign-24,BENIGN,plain,/p/benign-24.html,/p/benign-24.html,,d1s-1.0
benign-25,BENIGN,plain,/p/benign-25.html,/p/benign-25.html,,d1s-1.0
benign-26,BENIGN,plain,/p/benign-26.html,/p/benign-26.html,,d1s-1.0
benign-27,BENIGN,jsredirect,/j/benign-27.html,/p/benign-27.html,CLIENT_REDIRECT,d1s-1.0
benign-28,BENIGN,plain,/p/benign-28.html,/p/benign-28.html,,d1s-1.0
benign-29,BENIGN,plain,/p/benign-29.html,/p/benign-29.html,,d1s-1.0
