site_id,category,name,url,label
d3-001,PUBLIC,정부24,https://www.gov.kr/,BENIGN
d3-002,PUBLIC,대한민국 정책브리핑,https://www.korea.kr/,BENIGN
d3-003,PUBLIC,행정안전부,https://www.mois.go.kr/,BENIGN
d3-004,PUBLIC,국세청,https://www.nts.go.kr/,BENIGN
d3-005,PUBLIC,홈택스,https://www.hometax.go.kr/,BENIGN
d3-006,PUBLIC,경찰청,https://www.police.go.kr/,BENIGN
d3-007,PUBLIC,대검찰청,https://www.spo.go.kr/,BENIGN
d3-008,PUBLIC,금융감독원,https://www.fss.or.kr/,BENIGN
d3-009,PUBLIC,금융위원회,https://www.fsc.go.kr/,BENIGN
d3-010,PUBLIC,한국인터넷진흥원,https://www.kisa.or.kr/,BENIGN
d3-011,PUBLIC,보호나라,https://www.boho.or.kr/,BENIGN
d3-012,PUBLIC,국민건강보험공단,https://www.nhis.or.kr/,BENIGN
d3-013,PUBLIC,국민연금공단,https://www.nps.or.kr/,BENIGN
d3-014,PUBLIC,인터넷우체국,https://www.epost.go.kr/,BENIGN
d3-015,PUBLIC,우정사업본부,https://www.koreapost.go.kr/,BENIGN
d3-016,PUBLIC,이파인,https://www.efine.go.kr/,BENIGN
d3-017,PUBLIC,방송미디어통신심의위원회,https://www.kcsc.or.kr/,BENIGN
d3-018,PUBLIC,공공데이터포털,https://www.data.go.kr/,BENIGN
d3-019,PUBLIC,국가통계포털,https://kosis.kr/,BENIGN
d3-020,PUBLIC,근로복지공단,https://www.comwel.or.kr/,BENIGN
d3-021,PUBLIC,고용24,https://www.work24.go.kr/,BENIGN
d3-022,PUBLIC,복지로,https://www.bokjiro.go.kr/,BENIGN
d3-023,PUBLIC,건강보험심사평가원,https://www.hira.or.kr/,BENIGN
d3-024,PUBLIC,질병관리청,https://www.kdca.go.kr/,BENIGN
d3-025,PUBLIC,관세청,https://www.customs.go.kr/,BENIGN
d3-026,PUBLIC,유니패스,https://unipass.customs.go.kr/,BENIGN
d3-027,PUBLIC,국토교통부,https://www.molit.go.kr/,BENIGN
d3-028,PUBLIC,사이버범죄 신고시스템,https://ecrm.police.go.kr/,BENIGN
d3-029,PUBLIC,교육부,https://www.moe.go.kr/,BENIGN
d3-030,PUBLIC,과학기술정보통신부,https://www.msit.go.kr/,BENIGN
d3-031,PUBLIC,외교부,https://www.mofa.go.kr/,BENIGN
d3-032,PUBLIC,법무부,https://www.moj.go.kr/,BENIGN
d3-033,PUBLIC,국방부,https://www.mnd.go.kr/,BENIGN
d3-034,PUBLIC,보건복지부,https://www.mohw.go.kr/,BENIGN
d3-035,PUBLIC,기후에너지환경부,https://www.me.go.kr/,BENIGN
d3-036,PUBLIC,고용노동부,https://www.moel.go.kr/,BENIGN
d3-037,PUBLIC,성평등가족부,https://www.mogef.go.kr/,BENIGN
d3-038,PUBLIC,산업통상부,https://www.motie.go.kr/,BENIGN
d3-039,PUBLIC,농림축산식품부,https://www.mafra.go.kr/,BENIGN
d3-040,PUBLIC,해양수산부,https://www.mof.go.kr/,BENIGN
d3-041,PUBLIC,문화체육관광부,https://www.mcst.go.kr/,BENIGN
d3-042,PUBLIC,중소벤처기업부,https://www.mss.go.kr/,BENIGN
d3-043,PUBLIC,재정경제부,https://www.moef.go.kr/,BENIGN
d3-044,PUBLIC,조달청,https://www.pps.go.kr/,BENIGN
d3-045,PUBLIC,기상청,https://www.kma.go.kr/,BENIGN
d3-046,PUBLIC,소방청,https://www.nfa.go.kr/,BENIGN
d3-047,PUBLIC,서울특별시,https://www.seoul.go.kr/,BENIGN
d3-048,PUBLIC,부산광역시,https://www.busan.go.kr/,BENIGN
d3-049,PUBLIC,경기도,https://www.gg.go.kr/,BENIGN
d3-050,PUBLIC,인천광역시,https://www.incheon.go.kr/,BENIGN
d3-051,PUBLIC,대구광역시,https://www.daegu.go.kr/,BENIGN
d3-052,PUBLIC,광주광역시,https://www.gwangju.go.kr/,BENIGN
d3-053,PUBLIC,대전광역시,https://www.daejeon.go.kr/,BENIGN
d3-054,PUBLIC,울산광역시,https://www.ulsan.go.kr/,BENIGN
d3-055,PUBLIC,세종특별자치시,https://www.sejong.go.kr/,BENIGN
d3-056,PUBLIC,중앙선거관리위원회,https://www.nec.go.kr/,BENIGN
d3-057,PUBLIC,국회,https://www.assembly.go.kr/,BENIGN
d3-058,PUBLIC,대법원,https://www.scourt.go.kr/,BENIGN
d3-059,PUBLIC,공정거래위원회,https://www.ftc.go.kr/,BENIGN
d3-060,PUBLIC,한국소비자원,https://www.kca.go.kr/,BENIGN
d3-061,PUBLIC,개인정보보호위원회,https://www.pipc.go.kr/,BENIGN
d3-062,PUBLIC,국민권익위원회,https://www.acrc.go.kr/,BENIGN
d3-063,PUBLIC,국민신문고,https://www.epeople.go.kr/,BENIGN
d3-064,PUBLIC,한국토지주택공사,https://www.lh.or.kr/,BENIGN
d3-065,PUBLIC,한국전력공사,https://home.kepco.co.kr/,BENIGN
d3-066,PUBLIC,코레일,https://www.korail.com/,BENIGN
d3-067,PUBLIC,인천국제공항공사,https://www.airport.kr/,BENIGN
d3-068,FINANCE,KB국민은행,https://www.kbstar.com/,BENIGN
d3-069,FINANCE,KB국민카드,https://card.kbcard.com/,BENIGN
d3-070,FINANCE,신한은행,https://www.shinhan.com/,BENIGN
d3-071,FINANCE,신한카드,https://www.shinhancard.com/,BENIGN
d3-072,FINANCE,우리은행,https://www.wooribank.com/,BENIGN
d3-073,FINANCE,우리카드,https://pc.wooricard.com/,BENIGN
d3-074,FINANCE,하나은행,https://www.kebhana.com/,BENIGN
d3-075,FINANCE,하나카드,https://www.hanacard.co.kr/,BENIGN
d3-076,FINANCE,NH농협은행,https://banking.nonghyup.com/,BENIGN
d3-077,FINANCE,IBK기업은행,https://www.ibk.co.kr/,BENIGN
d3-078,FINANCE,카카오뱅크,https://www.kakaobank.com/,BENIGN
d3-079,FINANCE,토스뱅크,https://www.tossbank.com/,BENIGN
d3-080,FINANCE,케이뱅크,https://www.kbanknow.com/,BENIGN
d3-081,FINANCE,부산은행,https://www.busanbank.co.kr/,BENIGN
d3-082,FINANCE,경남은행,https://www.knbank.co.kr/,BENIGN
d3-083,FINANCE,광주은행,https://www.kjbank.com/,BENIGN
d3-084,FINANCE,전북은행,https://www.jbbank.co.kr/,BENIGN
d3-085,FINANCE,Sh수협은행,https://www.suhyup-bank.com/,BENIGN
d3-086,FINANCE,우체국예금,https://www.epostbank.go.kr/,BENIGN
d3-087,FINANCE,한국씨티은행,https://www.citibank.co.kr/,BENIGN
d3-088,FINANCE,SC제일은행,https://www.standardchartered.co.kr/,BENIGN
d3-089,FINANCE,삼성카드,https://www.samsungcard.com/,BENIGN
d3-090,FINANCE,현대카드,https://www.hyundaicard.com/,BENIGN
d3-091,FINANCE,롯데카드,https://www.lottecard.co.kr/,BENIGN
d3-092,FINANCE,BC카드,https://www.bccard.com/,BENIGN
d3-093,FINANCE,MG새마을금고,https://www.kfcc.co.kr/,BENIGN
d3-094,FINANCE,신협,https://www.cu.co.kr/,BENIGN
d3-095,FINANCE,업비트,https://upbit.com/,BENIGN
d3-096,FINANCE,빗썸,https://www.bithumb.com/,BENIGN
d3-097,FINANCE,삼성생명,https://www.samsunglife.com/,BENIGN
d3-098,FINANCE,한화생명,https://www.hanwhalife.com/,BENIGN
d3-099,FINANCE,교보생명,https://www.kyobo.com/,BENIGN
d3-100,FINANCE,삼성화재,https://www.samsungfire.com/,BENIGN
d3-101,FINANCE,현대해상,https://www.hi.co.kr/,BENIGN
d3-102,FINANCE,메리츠화재,https://www.meritzfire.com/,BENIGN
d3-103,FINANCE,미래에셋증권,https://securities.miraeasset.com/,BENIGN
d3-104,FINANCE,삼성증권,https://www.samsungpop.com/,BENIGN
d3-105,FINANCE,키움증권,https://www.kiwoom.com/,BENIGN
d3-106,FINANCE,NH투자증권,https://www.nhqv.com/,BENIGN
d3-107,FINANCE,KB증권,https://www.kbsec.com/,BENIGN
d3-108,FINANCE,한국투자증권,https://securities.koreainvestment.com/,BENIGN
d3-109,FINANCE,예금보험공사,https://www.kdic.or.kr/,BENIGN
d3-110,FINANCE,서민금융진흥원,https://www.kinfa.or.kr/,BENIGN
d3-111,FINANCE,한국주택금융공사,https://www.hf.go.kr/,BENIGN
d3-112,FINANCE,신용보증기금,https://www.kodit.co.kr/,BENIGN
d3-113,FINANCE,금융투자협회,https://www.kofia.or.kr/,BENIGN
d3-114,SHOPPING,쿠팡,https://www.coupang.com/,BENIGN
d3-115,SHOPPING,G마켓,https://www.gmarket.co.kr/,BENIGN
d3-116,SHOPPING,옥션,https://www.auction.co.kr/,BENIGN
d3-117,SHOPPING,11번가,https://www.11st.co.kr/,BENIGN
d3-118,SHOPPING,SSG닷컴,https://www.ssg.com/,BENIGN
d3-119,SHOPPING,롯데ON,https://www.lotteon.com/,BENIGN
d3-120,SHOPPING,무신사,https://www.musinsa.com/,BENIGN
d3-121,SHOPPING,컬리,https://www.kurly.com/,BENIGN
d3-122,SHOPPING,배달의민족,https://www.baemin.com/,BENIGN
d3-123,SHOPPING,올리브영,https://www.oliveyoung.co.kr/,BENIGN
d3-124,SHOPPING,홈플러스,https://front.homeplus.co.kr/,BENIGN
d3-125,SHOPPING,현대Hmall,https://www.hmall.com/,BENIGN
d3-126,SHOPPING,GS SHOP,https://www.gsshop.com/,BENIGN
d3-127,SHOPPING,인터파크,https://www.interpark.com/,BENIGN
d3-128,SHOPPING,YES24,https://www.yes24.com/,BENIGN
d3-129,SHOPPING,알라딘,https://www.aladin.co.kr/,BENIGN
d3-130,SHOPPING,교보문고,https://www.kyobobook.co.kr/,BENIGN
d3-131,SHOPPING,다나와,https://www.danawa.com/,BENIGN
d3-132,SHOPPING,에누리,https://www.enuri.com/,BENIGN
d3-133,SHOPPING,29CM,https://www.29cm.co.kr/,BENIGN
d3-134,SHOPPING,W컨셉,https://www.wconcept.co.kr/,BENIGN
d3-135,SHOPPING,지그재그,https://zigzag.kr/,BENIGN
d3-136,SHOPPING,에이블리,https://a-bly.com/,BENIGN
d3-137,SHOPPING,아이디어스,https://www.idus.com/,BENIGN
d3-138,SHOPPING,오늘의집,https://ohou.se/,BENIGN
d3-139,SHOPPING,야놀자,https://www.yanolja.com/,BENIGN
d3-140,SHOPPING,여기어때,https://www.goodchoice.kr/,BENIGN
d3-141,SHOPPING,신세계몰,https://www.shinsegae.com/,BENIGN
d3-142,SHOPPING,위메프,https://www.wemakeprice.com/,BENIGN
d3-143,SHOPPING,다이소몰,https://www.daisomall.co.kr/,BENIGN
d3-144,DELIVERY,CJ대한통운,https://www.cjlogistics.com/,BENIGN
d3-145,DELIVERY,한진택배,https://www.hanjin.com/,BENIGN
d3-146,DELIVERY,롯데글로벌로지스,https://www.lotteglogis.com/,BENIGN
d3-147,DELIVERY,로젠택배,https://www.ilogen.com/,BENIGN
d3-148,DELIVERY,경동택배,https://kdexp.com/,BENIGN
d3-149,DELIVERY,대신택배,https://www.ds3211.co.kr/,BENIGN
d3-150,DELIVERY,일양로지스,https://www.ilyanglogis.com/,BENIGN
d3-151,DELIVERY,CU편의점택배,https://www.cupost.co.kr/,BENIGN
d3-152,DELIVERY,GS Postbox,https://www.cvsnet.co.kr/,BENIGN
d3-153,DELIVERY,DHL,https://www.dhl.com/,BENIGN
d3-154,DELIVERY,FedEx,https://www.fedex.com/,BENIGN
d3-155,DELIVERY,UPS,https://www.ups.com/,BENIGN
d3-156,PORTAL_MEDIA_ETC,네이버,https://www.naver.com/,BENIGN
d3-157,PORTAL_MEDIA_ETC,다음,https://www.daum.net/,BENIGN
d3-158,PORTAL_MEDIA_ETC,카카오,https://www.kakaocorp.com/,BENIGN
d3-159,PORTAL_MEDIA_ETC,네이트,https://www.nate.com/,BENIGN
d3-160,PORTAL_MEDIA_ETC,SK텔레콤,https://www.sktelecom.com/,BENIGN
d3-161,PORTAL_MEDIA_ETC,T world,https://www.tworld.co.kr/,BENIGN
d3-162,PORTAL_MEDIA_ETC,KT,https://www.kt.com/,BENIGN
d3-163,PORTAL_MEDIA_ETC,LG유플러스,https://www.lguplus.com/,BENIGN
d3-164,PORTAL_MEDIA_ETC,KBS,https://www.kbs.co.kr/,BENIGN
d3-165,PORTAL_MEDIA_ETC,MBC,https://www.imbc.com/,BENIGN
d3-166,PORTAL_MEDIA_ETC,SBS,https://www.sbs.co.kr/,BENIGN
d3-167,PORTAL_MEDIA_ETC,YTN,https://www.ytn.co.kr/,BENIGN
d3-168,PORTAL_MEDIA_ETC,연합뉴스,https://www.yna.co.kr/,BENIGN
d3-169,PORTAL_MEDIA_ETC,조선일보,https://www.chosun.com/,BENIGN
d3-170,PORTAL_MEDIA_ETC,중앙일보,https://www.joongang.co.kr/,BENIGN
d3-171,PORTAL_MEDIA_ETC,동아일보,https://www.donga.com/,BENIGN
d3-172,PORTAL_MEDIA_ETC,한겨레,https://www.hani.co.kr/,BENIGN
d3-173,PORTAL_MEDIA_ETC,경향신문,https://www.khan.co.kr/,BENIGN
d3-174,PORTAL_MEDIA_ETC,매일경제,https://www.mk.co.kr/,BENIGN
d3-175,PORTAL_MEDIA_ETC,한국경제,https://www.hankyung.com/,BENIGN
d3-176,PORTAL_MEDIA_ETC,날씨누리,https://www.weather.go.kr/,BENIGN
d3-177,PORTAL_MEDIA_ETC,티머니,https://www.tmoney.co.kr/,BENIGN
d3-178,PORTAL_MEDIA_ETC,SRT,https://etk.srail.kr/,BENIGN
d3-179,PORTAL_MEDIA_ETC,서울대학교,https://www.snu.ac.kr/,BENIGN
d3-180,PORTAL_MEDIA_ETC,KAIST,https://www.kaist.ac.kr/,BENIGN
d3-181,PORTAL_MEDIA_ETC,연세대학교,https://www.yonsei.ac.kr/,BENIGN
d3-182,PORTAL_MEDIA_ETC,고려대학교,https://www.korea.ac.kr/,BENIGN
d3-183,PORTAL_MEDIA_ETC,위키백과,https://ko.wikipedia.org/,BENIGN
d3-184,PORTAL_MEDIA_ETC,나무위키,https://namu.wiki/,BENIGN
